nct_id,outcome,intervention_class,intervention_label,comparator_class,e_t,n_t,e_c,n_c,e_c_raw,n_c_raw,control_split_factor,cer,log_rr,var_log_rr,rr,ef_band,primary_completion_year,enrollment,time_months
NCT00000003,SAE,ARNI,sacubitril/valsartan,Placebo/SoC,16.0,110.0,14.0,110.0,14.0,110.0,1.0,0.12727272727272726,0.13353139262452277,0.11574675324675324,1.142857142857143,mixed_or_midrange,2019,220,24.0
NCT00000004,SAE,MRA,spironolactone,Placebo/SoC,18.0,90.0,15.0,90.0,15.0,90.0,1.0,0.16666666666666666,0.1823215567939548,0.09999999999999999,1.2000000000000002,mixed_or_midrange,2018,180,12.0
NCT00000001,SAE,SGLT2 inhibitors,empagliflozin,Placebo/SoC,10.0,100.0,12.0,100.0,12.0,100.0,1.0,0.12,-0.1823215567939546,0.16333333333333333,0.8333333333333334,strict_hfpef,2021,200,12.0
