outcome,intervention_class,k_studies,pooled_log_rr,pooled_rr,ci_low_log_rr,ci_high_log_rr,ci_low_rr,ci_high_rr,tau2,i2,q,tau2_drug,n_participants_treated,n_participants_control
HF_HOSPITALIZATION,ARNI,1,-0.13353139262452263,0.875,-0.5022490722558732,0.23518628700682792,0.6051680612990534,1.2651444267506613,0.0,0.0,0.0,0.0,110,110
HF_HOSPITALIZATION,MRA,1,-0.12783337150988502,0.8799999999999999,-0.6206957183464971,0.36502897532672707,0.5375703099388714,1.4405557481179698,0.0,0.0,0.0,0.0,90,90
HF_HOSPITALIZATION,SGLT2 inhibitors,1,-0.4054651081081643,0.6666666666666667,-0.8987209578791866,0.08779074166285805,0.4070900121658477,1.0917596383164976,0.0,0.0,0.0,0.0,100,100
