outcome,intervention_class,k_studies,pooled_log_rr,pooled_rr,ci_low_log_rr,ci_high_log_rr,ci_low_rr,ci_high_rr,tau2,i2,q,tau2_drug,n_participants_treated,n_participants_control
SAE,ARNI,1,0.13353139262452277,1.142857142857143,-0.533291467865973,0.8003542531150185,0.5866707802423063,2.226329472962908,0.0,0.0,0.0,0.0,110,110
SAE,MRA,1,0.1823215567939548,1.2000000000000002,-0.43748486459904756,0.8021279781869571,0.645658298651167,2.230281873567301,0.0,0.0,0.0,0.0,90,90
SAE,SGLT2 inhibitors,1,-0.1823215567939546,0.8333333333333334,-0.9744461261221211,0.609803012534212,0.3774013284222466,1.840068892570197,0.0,0.0,0.0,0.0,100,100
